1,Transport & TWE Services,25-0110,Motorpool,Charge to MLI,ZRE 354,FORD TREKKER,2008,LIGHT,PICK UP,DIESEL,FORD,2025-03-10,2025-03-11
2,Transport & TWE Services,25-0095,MIESCOR - DUS Transpo,Leasing,ZNX 364,TOYOTA HILUX,2008,MEDIUM,PICK UP,DIESEL,TOYOTA,2025-03-10,2025-03-11
3,Transport & TWE Services,25-0095,MIESCOR - DUS Transpo,Leasing,ZNN 735,MITSUBISHI L300,2003,MEDIUM,VAN,DIESEL,MITSUBISHI,2025-03-10,2025-03-11
4,Transport & TWE Services,25-0110,Motorpool,Leasing,ZNN 185,MITSUBISHI STRADA,2008,MEDIUM,PICK UP,DIESEL,MITSUBISHI,2025-03-10,2025-03-11
5,Warehousing Services,25-0018,SCG-Roll Handling Services ,Charge to MLI,ZNJ 472,TOYOTA HILUX,2008,MEDIUM,PICK UP,DIESEL,TOYOTA,2025-03-10,2025-03-11
6,Project Execution,23-0231,NLSUP NGCP - 10 months Extension,Charge to MLI,ZLE 307,MITSUBISHI L300,2007,MEDIUM,VAN,DIESEL,MITSUBISHI,2025-03-10,2025-03-11
7,Transport & TWE Services,25-0083,Powergen - Drivers,Leasing,ZKP 972,MITSUBISHI CANTER,2005,MEDIUM,PICK UP,DIESEL,MITSUBISHI,2025-03-10,2025-03-11
8,Warehousing Services,25-0013,MERALCO MMO Hauling Services,Leasing,ZKK 739,MITSUBISHI CANTER,2005,MEDIUM,PICK UP,DIESEL,MITSUBISHI,2025-03-10,2025-03-11
9,Warehousing Services,25-0006,MERALCO Parañaque Warehousing Project,Charge to MLI,ZKK 710,MITSUBISHI CANTER,2005,MEDIUM,PICK UP,DIESEL,MITSUBISHI,2025-03-10,2025-03-11
10,Transport & TWE Services,25-0110,Motorpool,Charge to MLI,ZHY 495,MITSUBISHI L300,2013,MEDIUM,VAN,DIESEL,MITSUBISHI,2025-03-10,2025-03-11
11,Transport & TWE Services,25-0110,Motorpool,Charge to MLI,ZBS 752,MITSUBISHI CANTER,2005,MEDIUM,PICK UP,DIESEL,MITSUBISHI,2025-03-10,2025-03-11
12,Transport & TWE Services,25-0106,Texicon Agri Ventures Corporation - Vehicle Agreement,Leasing,Z5V011,TOYOTA HILUX,2021,MEDIUM,PICK UP,DIESEL,TOYOTA,2025-03-10,2025-03-11
13,Transport & TWE Services,25-0105,Radius - Car Rental,Leasing,NDX 1476,TOYOTA HILUX,2016,MEDIUM,PICK UP,DIESEL,TOYOTA,2025-03-10,2025-03-11
14,Transport & TWE Services,25-0105,Radius - Car Rental,Leasing,NDX 8228,TOYOTA AVANZA,2016,LIGHT,AUV,GASOLINE,TOYOTA,2025-03-10,2025-03-11
15,Transport & TWE Services,25-0110,Motorpool,Leasing,XHS 422,MITSUBISHI L300,2003,MEDIUM,VAN,DIESEL,MITSUBISHI,2025-03-10,2025-03-11
16,Facility Services,24-0033,MERALCO - Sta. Rosa Facilities,Leasing,WZI 847,TOYOTA HILUX,2013,MEDIUM,PICK UP,DIESEL,TOYOTA,2025-03-10,2025-03-11
17,Transport & TWE Services,25-0105,Radius - Car Rental,Leasing,WZI 473,TOYOTA AVANZA,2013,LIGHT,AUV,GASOLINE,TOYOTA,2025-03-10,2025-03-11
18,Transport & TWE Services,25-0110,Motorpool,Leasing,WXI 163,MITSUBISHI STRADA,2013,MEDIUM,PICK UP,DIESEL,MITSUBISHI,2025-03-10,2025-03-11
19,Facility Services,24-0029,MERALCO - Valenzuela Facilities,Leasing,WQK 462,TOYOTA HILUX,2013,MEDIUM,PICK UP,DIESEL,TOYOTA,2025-03-10,2025-03-11
20,Transport & TWE Services,25-0095,MIESCOR - DUS Transpo,Leasing,WOX 322,TOYOTA VIOS,2013,LIGHT,SEDAN,GASOLINE,TOYOTA,2025-03-10,2025-03-11
21,Transport & TWE Services,25-0095,MIESCOR - DUS Transpo,Leasing,WOX 321,TOYOTA VIOS,2013,LIGHT,SEDAN,GASOLINE,TOYOTA,2025-03-10,2025-03-11
22,Transport & TWE Services,25-0095,MIESCOR - DUS Transpo,Leasing,WOX 301,TOYOTA VIOS,2013,LIGHT,SEDAN,GASOLINE,TOYOTA,2025-03-10,2025-03-11
23,Home Office,1103060101,HR Operations,Charge to MLI,WOX 251,TOYOTA VIOS,2013,LIGHT,SEDAN,GASOLINE,TOYOTA,2025-03-10,2025-03-11
24,Transport & TWE Services,25-0093,MBI Car Rental,Leasing,WOM 405,MITSUBISHI L300,2013,MEDIUM,VAN,DIESEL,MITSUBISHI,2025-03-10,2025-03-11
25,Transport & TWE Services,25-0110,Motorpool,Charge to MLI,WOM 309,MITSUBISHI L300,2013,MEDIUM,VAN,DIESEL,MITSUBISHI,2025-03-10,2025-03-11
26,Transport & TWE Services,25-0095,MIESCOR - DUS Transpo,Leasing,WOM 302,MITSUBISHI L300,2013,MEDIUM,VAN,DIESEL,MITSUBISHI,2025-03-10,2025-03-11
27,Transport & TWE Services,25-0095,MIESCOR - DUS Transpo,Leasing,WOB 301,TOYOTA VIOS,2013,LIGHT,SEDAN,GASOLINE,TOYOTA,2025-03-10,2025-03-11
28,Facility Services,24-0036,MERALCO - Manila Facilities,Leasing,WJH 386,MITSUBISHI CANTER,1999,MEDIUM,TRUCK,DIESEL,MITSUBISHI,2025-03-10,2025-03-11
29,Facility Services,24-0034,MERALCO - San Pablo Facilities,Leasing,WIM 544,TOYOTA HILUX,2013,MEDIUM,PICK UP,DIESEL,TOYOTA,2025-03-10,2025-03-11
30,Transport & TWE Services,25-0102,MIESCOR - Car Rental,Leasing,WIC 602,MITSUBISHI STRADA,2013,MEDIUM,PICK UP,DIESEL,MITSUBISHI,2025-03-10,2025-03-11
31,Transport & TWE Services,25-0093,MBI Car Rental,Leasing,WIB 295,MITSUBISHI L300,2013,MEDIUM,VAN,DIESEL,MITSUBISHI,2025-03-10,2025-03-11
32,Transport & TWE Services,25-0102,MIESCOR - Car Rental,Leasing,WIB 294,MITSUBISHI STRADA,2014,MEDIUM,PICK UP,DIESEL,MITSUBISHI,2025-03-10,2025-03-11
33,Transport & TWE Services,25-0110,Motorpool,Charge to MLI,WIA 889,MITSUBISHI STRADA,2013,MEDIUM,PICK UP,DIESEL,MITSUBISHI,2025-03-10,2025-03-11
34,Facility Services,24-0032,MERALCO - Dasmariñas Facilities,Leasing,WIA 190,TOYOTA HILUX,2013,MEDIUM,PICK UP,DIESEL,TOYOTA,2025-03-10,2025-03-11
35,Facility Services,24-0028,MERALCO - Plaridel Facilities,Leasing,WIA 187,TOYOTA HILUX,2013,MEDIUM,PICK UP,DIESEL,TOYOTA,2025-03-10,2025-03-11
36,Home Office,1103060101,HR Operations,Leasing,WIA 129,TOYOTA INNOVA,2013,MEDIUM,AUV,DIESEL ,TOYOTA,2025-03-10,2025-03-11
37,Facility Services,24-0030,MERALCO - Balintawak Facilities,Leasing,WIA 104,TOYOTA HILUX,2013,MEDIUM,PICK UP,DIESEL,TOYOTA,2025-03-10,2025-03-11
38,Warehousing Services,25-0026,MSERV Manpower Services,Leasing,WIA 103,TOYOTA HILUX,2013,MEDIUM,PICK UP,DIESEL,TOYOTA,2025-03-10,2025-03-11
39,Transport & TWE Services,25-0095,MIESCOR - DUS Transpo,Leasing,WHQ 456,TOYOTA INNOVA,2013,MEDIUM,AUV,DIESEL ,TOYOTA,2025-03-10,2025-03-11
40,Home Office,1103060101,HR Operations,Leasing,WHI 695,TOYOTA INNOVA,2013,MEDIUM,AUV,DIESEL ,TOYOTA,2025-03-10,2025-03-11
41,Transport & TWE Services,25-0110,Motorpool,Charge to MLI,VFP 445,TOYOTA AVANZA,2013,LIGHT,AUV,GASOLINE,TOYOTA,2025-03-10,2025-03-11
42,Transport & TWE Services,25-0091,MERALCO - Car Leasing,Leasing,NDV 8947,TOYOTA VIOS,2016,LIGHT,SEDAN,GASOLINE,TOYOTA,2025-03-10,2025-03-11
43,Transport & TWE Services,25-0091,MERALCO - Car Leasing,Leasing,NDV 8946,TOYOTA VIOS,2016,LIGHT,SEDAN,GASOLINE,TOYOTA,2025-03-10,2025-03-11
44,Transport & TWE Services,25-0091,MERALCO - Car Leasing,Leasing,NDY 3146,TOYOTA VIOS,2016,LIGHT,SEDAN,GASOLINE,TOYOTA,2025-03-10,2025-03-11
45,Transport & TWE Services,25-0091,MERALCO - Car Leasing,Leasing,NDY 3143,TOYOTA INNOVA,2016,MEDIUM,AUV,DIESEL ,TOYOTA,2025-03-10,2025-03-11
46,Transport & TWE Services,25-0091,MERALCO - Car Leasing,Leasing,NDY 3147,TOYOTA VIOS,2016,LIGHT,SEDAN,GASOLINE,TOYOTA,2025-03-10,2025-03-11
47,Transport & TWE Services,25-0091,MERALCO - Car Leasing,Leasing,NDY 3148,TOYOTA VIOS,2016,LIGHT,SEDAN,GASOLINE,TOYOTA,2025-03-10,2025-03-11
48,Transport & TWE Services,25-0091,MERALCO - Car Leasing,Leasing,NDY 3149,TOYOTA VIOS,2016,LIGHT,SEDAN,GASOLINE,TOYOTA,2025-03-10,2025-03-11
49,Transport & TWE Services,25-0091,MERALCO - Car Leasing,Leasing,NDY 3144,TOYOTA INNOVA,2016,MEDIUM,AUV,DIESEL ,TOYOTA,2025-03-10,2025-03-11
50,Transport & TWE Services,25-0091,MERALCO - Car Leasing,Leasing,NDY 3141,TOYOTA INNOVA,2016,MEDIUM,AUV,DIESEL ,TOYOTA,2025-03-10,2025-03-11
51,Transport & TWE Services,25-0091,MERALCO - Car Leasing,Leasing,NDY 3142,TOYOTA INNOVA,2016,MEDIUM,AUV,DIESEL ,TOYOTA,2025-03-10,2025-03-11
52,Transport & TWE Services,25-0091,MERALCO - Car Leasing,Leasing,NDY 3145,TOYOTA VIOS,2016,LIGHT,SEDAN,GASOLINE,TOYOTA,2025-03-10,2025-03-11
53,Transport & TWE Services,25-0091,MERALCO - Car Leasing,Leasing,NDR 5283,TOYOTA INNOVA,2016,MEDIUM,AUV,DIESEL ,TOYOTA,2025-03-10,2025-03-11
54,Transport & TWE Services,25-0105,Radius - Car Rental,Leasing,AIA 3086,TOYOTA HILUX,2014,MEDIUM,PICK UP,DIESEL,TOYOTA,2025-03-10,2025-03-11
55,Transport & TWE Services,25-0091,MERALCO - Car Leasing,Leasing,NDR 5282,TOYOTA VIOS,2016,LIGHT,SEDAN,GASOLINE,TOYOTA,2025-03-10,2025-03-11
56,Transport & TWE Services,25-0091,MERALCO - Car Leasing,Leasing,NDR 5285,TOYOTA VIOS,2016,LIGHT,SEDAN,GASOLINE,TOYOTA,2025-03-10,2025-03-11
57,Transport & TWE Services,25-0091,MERALCO - Car Leasing,Leasing,NDR 5284,TOYOTA VIOS,2016,LIGHT,SEDAN,GASOLINE,TOYOTA,2025-03-10,2025-03-11
58,Transport & TWE Services,25-0091,MERALCO - Car Leasing,Leasing,NDR 5280,TOYOTA VIOS,2016,LIGHT,SEDAN,GASOLINE,TOYOTA,2025-03-10,2025-03-11
59,Transport & TWE Services,25-0091,MERALCO - Car Leasing,Leasing,NDR 5281,TOYOTA INNOVA,2016,MEDIUM,AUV,DIESEL ,TOYOTA,2025-03-10,2025-03-11
60,Transport & TWE Services,25-0110,Motorpool,Charge to MLI,UX-4773,HONDA WAVE,2012,LIGHT,MOTORCYCLE,GASOLINE,HONDA,2025-03-10,2025-03-11
61,Warehousing Services,25-0027,MIESCOR FEMD- Warehouseman for Materials Management,Leasing,UWQ 706,TOYOTA HILUX,2013,MEDIUM,PICK UP,DIESEL,TOYOTA,2025-03-10,2025-03-11
62,Facility Services,24-0031,MERALCO - Parañaque Facilities,Leasing,UWQ 696,TOYOTA HILUX,2013,MEDIUM,PICK UP,DIESEL,TOYOTA,2025-03-10,2025-03-11
63,Facility Services,24-0035,MERALCO - Rizal Facilities,Leasing,UWQ 686,TOYOTA HILUX,2013,MEDIUM,PICK UP,DIESEL,TOYOTA,2025-03-10,2025-03-11
64,Transport & TWE Services,25-0110,Motorpool,Charge to MLI,UWQ 676,TOYOTA HILUX,2013,MEDIUM,PICK UP,DIESEL,TOYOTA,2025-03-10,2025-03-11
65,Transport & TWE Services,25-0095,MIESCOR - DUS Transpo,Leasing,UWQ 584,TOYOTA AVANZA,2013,LIGHT,AUV,GASOLINE,TOYOTA,2025-03-10,2025-03-11
66,Transport & TWE Services,25-0093,MBI Car Rental,Leasing,UWO 433,MITSUBISHI L300,2013,MEDIUM,VAN,DIESEL,MITSUBISHI,2025-03-10,2025-03-11
67,Transport & TWE Services,25-0110,Motorpool,Leasing,UWO 421,MITSUBISHI L300,2013,MEDIUM,VAN,DIESEL,MITSUBISHI,2025-03-10,2025-03-11
68,Facility Services,24-0047,MERALCO - Shallow wells w/Pump Maint,Leasing,UQT 633,MITSUBISHI L300,2013,MEDIUM,VAN,DIESEL,MITSUBISHI,2025-03-10,2025-03-11
69,Facility Services,24-0047,MERALCO - Shallow wells w/Pump Maint,Leasing,UQT 632,MITSUBISHI L300,2013,MEDIUM,VAN,DIESEL,MITSUBISHI,2025-03-10,2025-03-11
70,Transport & TWE Services,25-0093,MBI Car Rental,Leasing,UQT 631,MITSUBISHI L300,2013,MEDIUM,VAN,DIESEL,MITSUBISHI,2025-03-10,2025-03-11
71,Home Office,1103060101,HR Operations,Leasing,UQR 340,TOYOTA HILUX,2013,MEDIUM,PICK UP,DIESEL,TOYOTA,2025-03-10,2025-03-11
72,Facility Services,24-0050,NLEX Ventilation & Air Condition Services,Leasing,UQR 237,TOYOTA HILUX,2013,MEDIUM,PICK UP,DIESEL,TOYOTA,2025-03-10,2025-03-11
73,General Services,25-0132,Meralco CRS South HMB Janitorial Services,Charge to MLI,UQR 153,TOYOTA HILUX,2013,MEDIUM,PICK UP,DIESEL,TOYOTA,2025-03-10,2025-03-11
74,Facility Services,24-0048,MERALCO - Substation Aircon Maintenance,Leasing,UQO 733,MITSUBISHI L300,2013,MEDIUM,VAN,DIESEL,MITSUBISHI,2025-03-10,2025-03-11
75,Transport & TWE Services,25-0094,MOVEM,Leasing,UQM 927,TOYOTA VIOS,2013,LIGHT,SEDAN,GASOLINE,TOYOTA,2025-03-10,2025-03-11
76,Transport & TWE Services,25-0110,Motorpool,Leasing,UQM 299,TOYOTA VIOS,2013,LIGHT,SEDAN,GASOLINE,TOYOTA,2025-03-10,2025-03-11
77,Transport & TWE Services,25-0093,MBI Car Rental,Leasing,UQE 774,MITSUBISHI L300,2013,MEDIUM,VAN,DIESEL,MITSUBISHI,2025-03-10,2025-03-11
78,Transport & TWE Services,25-0093,MBI Car Rental,Leasing,UPQ 575,TOYOTA AVANZA,2013,LIGHT,AUV,GASOLINE,TOYOTA,2025-03-10,2025-03-11
79,Transport & TWE Services,25-0093,MBI Car Rental,Leasing,UPQ 508,TOYOTA AVANZA,2013,LIGHT,AUV,GASOLINE,TOYOTA,2025-03-10,2025-03-11
80,Facility Services,24-0049,MERALCO - Yard & Control House Maint,Leasing,UIO 357,TOYOTA AVANZA,2012,LIGHT,AUV,GASOLINE,TOYOTA,2025-03-10,2025-03-11
81,Transport & TWE Services,25-0110,Motorpool,Charge to MLI,UIO 335,TOYOTA AVANZA,2012,LIGHT,AUV,GASOLINE,TOYOTA,2025-03-10,2025-03-11
82,Transport & TWE Services,25-0110,Motorpool,Charge to MLI,UIO 194,TOYOTA AVANZA,2012,LIGHT,AUV,GASOLINE,TOYOTA,2025-03-10,2025-03-11
83,Home Office,1103060101,HR Operations,Leasing,UIJ 324,TOYOTA HILUX,2012,MEDIUM,PICK UP,DIESEL,TOYOTA,2025-03-10,2025-03-11
84,Transport & TWE Services,25-0093,MBI Car Rental,Leasing,UIJ 141,TOYOTA AVANZA,2012,LIGHT,AUV,GASOLINE,TOYOTA,2025-03-10,2025-03-11
85,Transport & TWE Services,25-0095,MIESCOR - DUS Transpo,Leasing,UIB 520,TOYOTA HILUX,2016,MEDIUM,PICK UP,DIESEL,TOYOTA,2025-03-10,2025-03-11
86,Home Office,1103060101,HR Operations,Charge to MLI,UHQ 242,TOYOTA AVANZA,2013,LIGHT,AUV,GASOLINE,TOYOTA,2025-03-10,2025-03-11
87,Transport & TWE Services,25-0110,Motorpool,Charge to MLI,UHQ 232,TOYOTA AVANZA,2013,LIGHT,AUV,GASOLINE,TOYOTA,2025-03-10,2025-03-11
88,Facility Services,24-0052,Various Clients- PM & CM,Charge to MLI,UHO581,TOYOTA HILUX,2013,MEDIUM,PICK UP,DIESEL,TOYOTA,2025-03-10,2025-03-11
89,Transport & TWE Services,25-0095,MIESCOR - DUS Transpo,Leasing,UGO 841,TOYOTA INNOVA,2013,MEDIUM,AUV,DIESEL ,TOYOTA,2025-03-10,2025-03-11
90,Transport & TWE Services,25-0095,MIESCOR - DUS Transpo,Leasing,UEO 621,TOYOTA VIOS,2013,LIGHT,SEDAN,GASOLINE,TOYOTA,2025-03-10,2025-03-11
91,Transport & TWE Services,25-0095,MIESCOR - DUS Transpo,Leasing,UEO 169,TOYOTA VIOS,2013,LIGHT,SEDAN,GASOLINE,TOYOTA,2025-03-10,2025-03-11
92,Transport & TWE Services,25-0095,MIESCOR - DUS Transpo,Leasing,UDI 795,TOYOTA AVANZA,2013,LIGHT,AUV,GASOLINE,TOYOTA,2025-03-10,2025-03-11
93,Transport & TWE Services,25-0105,Radius - Car Rental,Leasing,UDI 760,TOYOTA AVANZA,2012,LIGHT,AUV,GASOLINE,TOYOTA,2025-03-10,2025-03-11
94,Transport & TWE Services,25-0095,MIESCOR - DUS Transpo,Leasing,UBO 972,MITSUBISHI L300,2013,MEDIUM,VAN,DIESEL,MITSUBISHI,2025-03-10,2025-03-11
95,Warehousing Services,25-0018,SCG-Roll Handling Services ,Leasing,U7,MITSUBISHI GRABLIFT,2014,HEAVY,GRABLIFT,LPG,MITSUBISHI,2025-03-10,2025-03-11
96,Warehousing Services,25-0018,SCG-Roll Handling Services ,Leasing,U6,MITSUBISHI GRABLIFT,2019,HEAVY,GRABLIFT,LPG,MITSUBISHI,2025-03-10,2025-03-11
97,Warehousing Services,25-0018,SCG-Roll Handling Services ,Leasing,U5,FORKLIFT,2014,HEAVY,GRABLIFT,LPG,NISSAN,2025-03-10,2025-03-11
98,Warehousing Services,25-0018,SCG-Roll Handling Services ,Leasing,U4,FORKLIFT,2014,HEAVY,GRABLIFT,LPG,NISSAN,2025-03-10,2025-03-11
99,Warehousing Services,25-0018,SCG-Roll Handling Services ,Leasing,U3,FORKLIFT,2014,HEAVY,GRABLIFT,LPG,NISSAN,2025-03-10,2025-03-11
100,Warehousing Services,25-0018,SCG-Roll Handling Services ,Leasing,U2,FORKLIFT,2014,HEAVY,GRABLIFT,LPG,NISSAN,2025-03-10,2025-03-11
101,Warehousing Services,25-0018,SCG-Roll Handling Services ,Leasing,U1,FORKLIFT,2014,HEAVY,GRABLIFT,LPG,NISSAN,2025-03-10,2025-03-11
102,Transport & TWE Services,25-0095,MIESCOR - DUS Transpo,Leasing,TYI 787,MITSUBISHI L300,2011,MEDIUM,VAN,DIESEL,MITSUBISHI,2025-03-10,2025-03-11
103,Facility Services,24-0049,MERALCO - Yard & Control House Maint,Leasing,TYI 311,MITSUBISHI L300,2011,MEDIUM,VAN,DIESEL,MITSUBISHI,2025-03-10,2025-03-11
104,Transport & TWE Services,25-0095,MIESCOR - DUS Transpo,Leasing,TWI 804,TOYOTA VIOS,2011,LIGHT,SEDAN,GASOLINE,TOYOTA,2025-03-10,2025-03-11
105,Transport & TWE Services,25-0095,MIESCOR - DUS Transpo,Leasing,TWI 598,TOYOTA VIOS,2011,LIGHT,SEDAN,GASOLINE,TOYOTA,2025-03-10,2025-03-11
106,Facility Services,24-0050,NLEX Ventilation & Air Condition Services,Leasing,TRO 708,MITSUBISHI L300,2011,MEDIUM,VAN,DIESEL,MITSUBISHI,2025-03-10,2025-03-11
107,Facility Services,24-0049,MERALCO - Yard & Control House Maint,Leasing,TRO 616,MITSUBISHI L300,2011,MEDIUM,VAN,DIESEL,MITSUBISHI,2025-03-10,2025-03-11
108,Warehousing Services,25-0012,MERALCO Kamuning Substation Support Warehousing Project,Leasing,TRO 564,MITSUBISHI STRADA,2011,MEDIUM,PICK UP,DIESEL,MITSUBISHI,2025-03-10,2025-03-11
109,Transport & TWE Services,25-0095,MIESCOR - DUS Transpo,Leasing,TRO 464,MITSUBISHI L300,2011,MEDIUM,VAN,DIESEL,MITSUBISHI,2025-03-10,2025-03-11
110,Facility Services,24-0052,Various Clients- PM & CM,Leasing,TQS 690,TOYOTA HILUX,2012,MEDIUM,PICK UP,DIESEL,TOYOTA,2025-03-10,2025-03-11
111,Transport & TWE Services,25-0093,MBI Car Rental,Leasing,TQJ 968,MITSUBISHI L300,2010,MEDIUM,VAN,DIESEL,MITSUBISHI,2025-03-10,2025-03-11
112,Transport & TWE Services,25-0095,MIESCOR - DUS Transpo,Leasing,TQJ 595,MITSUBISHI L300,2012,MEDIUM,VAN,DIESEL,MITSUBISHI,2025-03-10,2025-03-11
113,Facility Services,24-0049,MERALCO - Yard & Control House Maint,Leasing,TQJ 484,MITSUBISHI L300,2012,MEDIUM,VAN,DIESEL,MITSUBISHI,2025-03-10,2025-03-11
114,Transport & TWE Services,25-0095,MIESCOR - DUS Transpo,Leasing,TQJ 447,MITSUBISHI L300,2012,MEDIUM,VAN,DIESEL,MITSUBISHI,2025-03-10,2025-03-11
115,Facility Services,24-0047,MERALCO - Shallow wells w/Pump Maint,Leasing,TQJ 363,MITSUBISHI L300,2012,MEDIUM,VAN,DIESEL,MITSUBISHI,2025-03-10,2025-03-11
116,Facility Services,24-0047,MERALCO - Shallow wells w/Pump Maint,Leasing,TQJ 302,MITSUBISHI L300,2012,MEDIUM,VAN,DIESEL,MITSUBISHI,2025-03-10,2025-03-11
117,Facility Services,24-0036,MERALCO - Manila Facilities,Leasing,TQJ 292,MITSUBISHI L300,2012,MEDIUM,VAN,DIESEL,MITSUBISHI,2025-03-10,2025-03-11
118,Transport & TWE Services,25-0110,Motorpool,Charge to MLI,TQJ 281,MITSUBISHI L300,2012,MEDIUM,VAN,DIESEL,MITSUBISHI,2025-03-10,2025-03-11
119,Facility Services,24-0048,MERALCO - Substation Aircon Maintenance,Leasing,TQJ 259,MITSUBISHI L300,2012,LIGHT,VAN,DIESEL,MITSUBISHI,2025-03-10,2025-03-11
120,Transport & TWE Services,25-0093,MBI Car Rental,Leasing,TQJ 185,MITSUBISHI L300,2013,MEDIUM,VAN,DIESEL,MITSUBISHI,2025-03-10,2025-03-11
121,Transport & TWE Services,25-0093,MBI Car Rental,Leasing,TQJ 166,MITSUBISHI L300,2012,MEDIUM,VAN,DIESEL,MITSUBISHI,2025-03-10,2025-03-11
122,Project Execution,24-0228,MIESCOR - Supply & Installation of Airconditioning System BACOLOD 1&2 SS Project,Leasing,TQI 650,MITSUBISHI L300,2011,MEDIUM,VAN,DIESEL,MITSUBISHI,2025-03-10,2025-03-11
123,Facility Services,24-0048,MERALCO - Substation Aircon Maintenance,Leasing,TQI 303,MITSUBISHI L300,2011,MEDIUM,VAN,DIESEL,MITSUBISHI,2025-03-10,2025-03-11
124,Facility Services,24-0050,NLEX Ventilation & Air Condition Services,Leasing,TQI 252,MITSUBISHI L300,2011,MEDIUM,VAN,DIESEL,MITSUBISHI,2025-03-10,2025-03-11
125,Transport & TWE Services,25-0095,MIESCOR - DUS Transpo,Leasing,TPQ 426,TOYOTA INNOVA,2011,MEDIUM,AUV,DIESEL ,TOYOTA,2025-03-10,2025-03-11
126,Transport & TWE Services,25-0095,MIESCOR - DUS Transpo,Leasing,TOT 609,MITSUBISHI STRADA,2012,MEDIUM,PICK UP,DIESEL,MITSUBISHI,2025-03-10,2025-03-11
127,Transport & TWE Services,25-0095,MIESCOR - DUS Transpo,Leasing,TOQ 236,TOYOTA GRANDIA,2011,MEDIUM,VAN,DIESEL ,TOYOTA,2025-03-10,2025-03-11
128,Transport & TWE Services,25-0110,Motorpool,Charge to MLI,TNV 668,STAKE TRUCK,1994,HEAVY,TRUCK,DIESEL,FUSO,2025-03-10,2025-03-11
129,Warehousing Services,25-0013,MERALCO MMO Hauling Services,Leasing,TMV 265,STAKE TRUCK,1994,HEAVY,TRUCK,DIESEL,NISSAN,2025-03-10,2025-03-11
130,Transport & TWE Services,25-0102,MIESCOR - Car Rental,Leasing,TMQ 857,MITSUBISHI L300,2011,MEDIUM,VAN,DIESEL,MITSUBISHI,2025-03-10,2025-03-11
131,Transport & TWE Services,25-0095,MIESCOR - DUS Transpo,Leasing,TMQ 756,MITSUBISHI L300,2003,MEDIUM,VAN,DIESEL,MITSUBISHI,2025-03-10,2025-03-11
132,Facility Services,24-0048,MERALCO - Substation Aircon Maintenance,Leasing,TMQ 715,MITSUBISHI L300,2011,MEDIUM,VAN,DIESEL,MITSUBISHI,2025-03-10,2025-03-11
133,Facility Services,24-0036,MERALCO - Manila Facilities,Leasing,TIR 684,MITSUBISHI L300,2012,MEDIUM,VAN,DIESEL,MITSUBISHI,2025-03-10,2025-03-11
134,Home Office,1103060101,HR Operations,Charge to MLI,TIJ 307,TOYOTA VIOS,2011,LIGHT,SEDAN,GASOLINE,TOYOTA,2025-03-10,2025-03-11
135,Transport & TWE Services,25-0095,MIESCOR - DUS Transpo,Leasing,TIJ 257,TOYOTA INNOVA,2011,MEDIUM,AUV,DIESEL ,TOYOTA,2025-03-10,2025-03-11
136,Transport & TWE Services,25-0093,MBI Car Rental,Leasing,TIA 677,MITSUBISHI L300,2012,MEDIUM,VAN,DIESEL,MITSUBISHI,2025-03-10,2025-03-11
137,Transport & TWE Services,25-0093,MBI Car Rental,Leasing,TIA 266,MITSUBISHI L300,2011,MEDIUM,VAN,DIESEL,MITSUBISHI,2025-03-10,2025-03-11
138,Facility Services,24-0050,NLEX Ventilation & Air Condition Services,Leasing,TGQ 446,MITSUBISHI L300,2011,MEDIUM,VAN,DIESEL,MITSUBISHI,2025-03-10,2025-03-11
139,Transport & TWE Services,25-0102,MIESCOR - Car Rental,Leasing,TEI 969,MITSUBISHI L300,2011,MEDIUM,VAN,DIESEL,MITSUBISHI,2025-03-10,2025-03-11
140,Warehousing Services,25-0009,MERALCO Sta Rosa Warehousing Project,Leasing,SR026,FORKLIFT,2013,HEAVY,FORKLIFT,DIESEL,HYUNDAI,2025-03-10,2025-03-11
141,Warehousing Services,25-0010,MERALCO Batangas Warehousing Project,Leasing,SP120,FORKLIFT,1998,HEAVY,FORKLIFT,DIESEL,CATERPILLAR,2025-03-10,2025-03-11
142,Warehousing Services,25-0001,MERALCO Manila Warehousing Project,Charge to MLI,SJ107,FORKLIFT,1993,HEAVY,FORKLIFT,DIESEL,CATERPILLAR,2025-03-10,2025-03-11
143,Warehousing Services,25-0013,MERALCO MMO Hauling Services,Leasing,RFR 568,ISUZU CARGO TRUCK,,MEDIUM,TRUCK,DIESEL,ISUZU,2025-03-10,2025-03-11
144,Transport & TWE Services,25-0110,Motorpool,Leasing,NBE 7875,TATA MANZA,2016,LIGHT,SEDAN,GASOLINE,TATA,2025-03-10,2025-03-11
145,Transport & TWE Services,25-0095,MIESCOR - DUS Transpo,Charge to MLI,PRI 652,TOYOTA INNOVA,2010,MEDIUM,AUV,DIESEL ,TOYOTA,2025-03-10,2025-03-11
146,Transport & TWE Services,25-0095,MIESCOR - DUS Transpo,Leasing,PRI 342,TOYOTA INNOVA,2010,MEDIUM,AUV,DIESEL ,TOYOTA,2025-03-10,2025-03-11
147,Transport & TWE Services,25-0095,MIESCOR - DUS Transpo,Leasing,PQY 945,TOYOTA VIOS,2011,LIGHT,SEDAN,GASOLINE,TOYOTA,2025-03-10,2025-03-11
148,Transport & TWE Services,25-0095,MIESCOR - DUS Transpo,Leasing,PQY 668,TOYOTA VIOS,2011,LIGHT,SEDAN,GASOLINE,TOYOTA,2025-03-10,2025-03-11
149,Transport & TWE Services,25-0110,Motorpool,Leasing,PQY 390,TOYOTA VIOS,2011,LIGHT,SEDAN,GASOLINE,TOYOTA,2025-03-10,2025-03-11
150,Transport & TWE Services,25-0095,MIESCOR - DUS Transpo,Leasing,PQY 209,TOYOTA VIOS,2011,LIGHT,SEDAN,GASOLINE,TOYOTA,2025-03-10,2025-03-11
151,Transport & TWE Services,25-0095,MIESCOR - DUS Transpo,Leasing,PQY 119,TOYOTA VIOS,2011,LIGHT,SEDAN,GASOLINE,TOYOTA,2025-03-10,2025-03-11
152,Home Office,1103060101,HR Operations,Charge to MLI,PQW 900,TOYOTA INNOVA,2011,MEDIUM,AUV,DIESEL ,TOYOTA,2025-03-10,2025-03-11
153,Home Office,1103060101,HR Operations,Charge to MLI,POW 452,HYUNDAI STAREX,2011,MEDIUM,VAN,DIESEL ,HYUNDAI,2025-03-10,2025-03-11
154,Transport & TWE Services,25-0093,MBI Car Rental,Leasing,POU 502,TOYOTA VIOS,2011,LIGHT,SEDAN,GASOLINE,TOYOTA,2025-03-10,2025-03-11
155,Home Office,1103060101,HR Operations,Charge to MLI,POU 226,TOYOTA VIOS,2011,LIGHT,SEDAN,GASOLINE,TOYOTA,2025-03-10,2025-03-11
156,Warehousing Services,25-0018,SCG-Roll Handling Services ,Charge to MLI,POU 193,TOYOTA VIOS,2011,LIGHT,SEDAN,GASOLINE,TOYOTA,2025-03-10,2025-03-11
157,Facility Services,24-0049,MERALCO - Yard & Control House Maint,Leasing,POU 155,TOYOTA VIOS,2011,LIGHT,SEDAN,GASOLINE,TOYOTA,2025-03-10,2025-03-11
158,Transport & TWE Services,25-0093,MBI Car Rental,Leasing,POU 145,TOYOTA VIOS,2011,LIGHT,SEDAN,GASOLINE,TOYOTA,2025-03-10,2025-03-11
159,Transport & TWE Services,25-0095,MIESCOR - DUS Transpo,Leasing,POP 857,TOYOTA VIOS,2011,LIGHT,SEDAN,GASOLINE,TOYOTA,2025-03-10,2025-03-11
160,Transport & TWE Services,25-0110,Motorpool,Charge to MLI,PNZ 499,STAKE TRUCK,1989,HEAVY,TRUCK,DIESEL,HINO,2025-03-10,2025-03-11
161,Transport & TWE Services,25-0110,Motorpool,Charge to MLI,PNR 166,STAKE TRUCK,1990,HEAVY,TRUCK,DIESEL,FUSO,2025-03-10,2025-03-11
162,Transport & TWE Services,25-0110,Motorpool,Charge to MLI,PMN 975,STAKE TRUCK,1989,HEAVY,TRUCK,DIESEL,HINO,2025-03-10,2025-03-11
163,Transport & TWE Services,25-0095,MIESCOR - DUS Transpo,Leasing,PII 486,TOYOTA INNOVA,2010,MEDIUM,AUV,DIESEL ,TOYOTA,2025-03-10,2025-03-11
164,Transport & TWE Services,25-0106,Texicon Agri Ventures Corporation - Vehicle Agreement,Leasing,NGN 2834,TOYOTA HILUX,2021,MEDIUM,PICK UP,DIESEL,TOYOTA,2025-03-10,2025-03-11
165,Transport & TWE Services,25-0106,Texicon Agri Ventures Corporation - Vehicle Agreement,Leasing,NGN 2831,TOYOTA HILUX,2021,MEDIUM,PICK UP,DIESEL,TOYOTA,2025-03-10,2025-03-11
166,Transport & TWE Services,25-0110,Motorpool,Charge to MLI,OZ 2155,HONDA WAVE,2006,LIGHT,MOTORCYCLE,GASOLINE,HONDA,2025-03-10,2025-03-11
167,Facility Services,24-0036,MERALCO - Manila Facilities,Leasing,NWO 763,ISUZU TRUCK NHR,2009,LIGHT,PICK UP,DIESEL,ISUZU,2025-03-10,2025-03-11
168,Transport & TWE Services,25-0093,MBI Car Rental,Leasing,NRO 389,TOYOTA VIOS,2011,LIGHT,SEDAN,GASOLINE,TOYOTA,2025-03-10,2025-03-11
169,Home Office,1103060101,HR Operations,Leasing,NRO 120,TOYOTA VIOS,2009,LIGHT,SEDAN,GASOLINE,TOYOTA,2025-03-10,2025-03-11
170,Transport & TWE Services,25-0084,Atimonan One Energy,Leasing,NQT 664,TOYOTA INNOVA,2011,MEDIUM,AUV,DIESEL ,TOYOTA,2025-03-10,2025-03-11
171,Transport & TWE Services,25-0095,MIESCOR - DUS Transpo,Leasing,NQT 245,TOYOTA INNOVA,2011,MEDIUM,AUV,DIESEL ,TOYOTA,2025-03-10,2025-03-11
172,Facility Services,24-0050,NLEX Ventilation & Air Condition Services,Leasing,NQL 955,TOYOTA VIOS,2010,LIGHT,SEDAN,GASOLINE,TOYOTA,2025-03-10,2025-03-11
173,Transport & TWE Services,25-0095,MIESCOR - DUS Transpo,Leasing,NQL 895,TOYOTA VIOS,2011,LIGHT,SEDAN,GASOLINE,TOYOTA,2025-03-10,2025-03-11
174,Home Office,1103060101,HR Operations,Charge to MLI,NQL 424,TOYOTA VIOS,2010,LIGHT,SEDAN,GASOLINE,TOYOTA,2025-03-10,2025-03-11
175,Transport & TWE Services,25-0095,MIESCOR - DUS Transpo,Leasing,NQL 117,TOYOTA VIOS,2010,LIGHT,SEDAN,GASOLINE,TOYOTA,2025-03-10,2025-03-11
176,Transport & TWE Services,25-0093,MBI Car Rental,Leasing,NIV 194,MITSUBISHI L300,2011,MEDIUM,VAN,DIESEL,MITSUBISHI,2025-03-10,2025-03-11
177,Transport & TWE Services,25-0103,MPIONEER - Car Rental,Leasing,NHG 7064,TOYOTA INNOVA,2023,MEDIUM,AUV,GASOLINE,TOYOTA,2025-03-10,2025-03-11
178,Transport & TWE Services,25-0095,MIESCOR - DUS Transpo,Leasing,NHA 1007,MITSUBISHI L300,2021,MEDIUM,VAN,DIESEL,MITSUBISHI,2025-03-10,2025-03-11
179,Transport & TWE Services,25-0095,MIESCOR - DUS Transpo,Leasing,NFO 594,TOYOTA INNOVA,2009,MEDIUM,AUV,DIESEL ,TOYOTA,2025-03-10,2025-03-11
180,Transport & TWE Services,25-0095,MIESCOR - DUS Transpo,Leasing,NFO 554,TOYOTA INNOVA,2009,MEDIUM,AUV,DIESEL ,TOYOTA,2025-03-10,2025-03-11
181,Transport & TWE Services,25-0095,MIESCOR - DUS Transpo,Leasing,NDZ 7946,MITSUBISHI L300,2021,MEDIUM,VAN,DIESEL,MITSUBISHI,2025-03-10,2025-03-11
182,Transport & TWE Services,25-0095,MIESCOR - DUS Transpo,Leasing,NDZ 7945,MITSUBISHI L300,2021,MEDIUM,VAN,DIESEL,MITSUBISHI,2025-03-10,2025-03-11
183,Transport & TWE Services,25-0095,MIESCOR - DUS Transpo,Leasing,NDZ 7944,MITSUBISHI L300,2021,MEDIUM,VAN,DIESEL,MITSUBISHI,2025-03-10,2025-03-11
184,Transport & TWE Services,25-0095,MIESCOR - DUS Transpo,Leasing,NDZ 7943,MITSUBISHI L300,2021,MEDIUM,VAN,DIESEL,MITSUBISHI,2025-03-10,2025-03-11
185,Transport & TWE Services,25-0095,MIESCOR - DUS Transpo,Leasing,NDZ 7942,MITSUBISHI L300,2021,MEDIUM,VAN,DIESEL,MITSUBISHI,2025-03-10,2025-03-11
186,Transport & TWE Services,25-0095,MIESCOR - DUS Transpo,Leasing,NDZ 7941,MITSUBISHI L300,2021,MEDIUM,VAN,DIESEL,MITSUBISHI,2025-03-10,2025-03-11
187,Transport & TWE Services,25-0095,MIESCOR - DUS Transpo,Leasing,NDZ 7940,MITSUBISHI L300,2021,MEDIUM,VAN,DIESEL,MITSUBISHI,2025-03-10,2025-03-11
188,Transport & TWE Services,25-0095,MIESCOR - DUS Transpo,Leasing,NDZ 7939,MITSUBISHI L300,2021,MEDIUM,VAN,DIESEL,MITSUBISHI,2025-03-10,2025-03-11
189,Transport & TWE Services,25-0095,MIESCOR - DUS Transpo,Leasing,NDZ 7938,MITSUBISHI L300,2021,MEDIUM,VAN,DIESEL,MITSUBISHI,2025-03-10,2025-03-11
190,Transport & TWE Services,25-0102,MIESCOR - Car Rental,Leasing,NDY 5021,TOYOTA HILUX,2016,MEDIUM,PICK UP,DIESEL,TOYOTA,2025-03-10,2025-03-11
191,Transport & TWE Services,25-0095,MIESCOR - DUS Transpo,Leasing,NDY 3170,TOYOTA VIOS,2016,LIGHT,SEDAN,GASOLINE,TOYOTA,2025-03-10,2025-03-11
192,Transport & TWE Services,25-0097,"Blue Leaf Energy Services Philippines, Inc. ",Leasing,NDX 8228,TOYOTA AVANZA,2016,LIGHT,AUV,GASOLINE,TOYOTA,2025-03-10,2025-03-11
193,Transport & TWE Services,25-0095,MIESCOR - DUS Transpo,Leasing,NDV 9692,TOYOTA VIOS,2016,LIGHT,SEDAN,GASOLINE,TOYOTA,2025-03-10,2025-03-11
194,Home Office,1103060101,HR Operations,Charge to MLI,NDS 6040,TOYOTA GRANDIA,2016,MEDIUM,VAN,DIESEL ,TOYOTA,2025-03-10,2025-03-11
195,Transport & TWE Services,25-0102,MIESCOR - Car Rental,Leasing,NDR 7569,TOYOTA HILUX,2016,MEDIUM,PICK UP,DIESEL,TOYOTA,2025-03-10,2025-03-11
196,Transport & TWE Services,25-0095,MIESCOR - DUS Transpo,Leasing,NDQ 9941,TOYOTA VIOS,2016,LIGHT,SEDAN,GASOLINE,TOYOTA,2025-03-10,2025-03-11
197,Transport & TWE Services,25-0095,MIESCOR - DUS Transpo,Leasing,NDG 6192,TOYOTA INNOVA,2017,MEDIUM,AUV,DIESEL ,TOYOTA,2025-03-10,2025-03-11
198,Transport & TWE Services,25-0102,MIESCOR - Car Rental,Leasing,NDF 7109,TOYOTA HILUX,2016,MEDIUM,PICK UP,DIESEL,TOYOTA,2025-03-10,2025-03-11
199,Transport & TWE Services,25-0095,MIESCOR - DUS Transpo,Leasing,NDF 7108,TOYOTA INNOVA,2016,MEDIUM,AUV,DIESEL ,TOYOTA,2025-03-10,2025-03-11
200,Transport & TWE Services,25-0095,MIESCOR - DUS Transpo,Leasing,NDF 7107,TOYOTA INNOVA,2016,MEDIUM,AUV,DIESEL ,TOYOTA,2025-03-10,2025-03-11
201,Transport & TWE Services,25-0095,MIESCOR - DUS Transpo,Leasing,NDC 5114,TOYOTA HILUX,2016,MEDIUM,PICK UP,DIESEL,TOYOTA,2025-03-10,2025-03-11
202,Transport & TWE Services,25-0095,MIESCOR - DUS Transpo,Leasing,NDC 5113,TOYOTA HILUX,2016,MEDIUM,PICK UP,DIESEL,TOYOTA,2025-03-10,2025-03-11
203,Transport & TWE Services,25-0095,MIESCOR - DUS Transpo,Leasing,NDC 5112,TOYOTA HILUX,2016,MEDIUM,PICK UP,DIESEL,TOYOTA,2025-03-10,2025-03-11
204,Transport & TWE Services,25-0104,Radius Telecoms,Leasing,NCW 1959,TOYOTA HILUX,2018,MEDIUM,PICK UP,DIESEL,TOYOTA,2025-03-10,2025-03-11
205,Transport & TWE Services,25-0104,Radius Telecoms,Leasing,NCW 1958,TOYOTA HILUX,2018,MEDIUM,PICK UP,DIESEL,TOYOTA,2025-03-10,2025-03-11
206,Transport & TWE Services,25-0104,Radius Telecoms,Leasing,NCV 9110,TOYOTA HILUX,2018,MEDIUM,PICK UP,DIESEL,TOYOTA,2025-03-10,2025-03-11
207,Transport & TWE Services,25-0104,Radius Telecoms,Leasing,NCV 7524,TOYOTA HILUX,2018,MEDIUM,PICK UP,DIESEL,TOYOTA,2025-03-10,2025-03-11
208,Transport & TWE Services,25-0104,Radius Telecoms,Leasing,NCV 7523,TOYOTA HILUX,2018,MEDIUM,PICK UP,DIESEL,TOYOTA,2025-03-10,2025-03-11
209,Transport & TWE Services,25-0096,M-GEN Global Business Power,Leasing,NCV 7032,TOYOTA FORTUNER,2018,LIGHT,SUV,DIESEL ,TOYOTA,2025-03-10,2025-03-11
210,Transport & TWE Services,25-0104,Radius Telecoms,Leasing,NCQ 8985,TOYOTA HILUX,2018,MEDIUM,PICK UP,DIESEL,TOYOTA,2025-03-10,2025-03-11
211,Transport & TWE Services,25-0095,MIESCOR - DUS Transpo,Leasing,NCQ 3939,TOYOTA INNOVA,2018,MEDIUM,AUV,DIESEL ,TOYOTA,2025-03-10,2025-03-11
212,Transport & TWE Services,25-0095,MIESCOR - DUS Transpo,Leasing,NCQ 3937,TOYOTA INNOVA,2018,MEDIUM,AUV,DIESEL ,TOYOTA,2025-03-10,2025-03-11
213,Transport & TWE Services,25-0104,Radius Telecoms,Leasing,NCQ 3936,TOYOTA HILUX,2018,MEDIUM,PICK UP,DIESEL,TOYOTA,2025-03-10,2025-03-11
214,Transport & TWE Services,25-0095,MIESCOR - DUS Transpo,Leasing,NCP 9162,TOYOTA INNOVA,2018,MEDIUM,AUV,DIESEL ,TOYOTA,2025-03-10,2025-03-11
215,Transport & TWE Services,25-0095,MIESCOR - DUS Transpo,Leasing,NCP 9161,TOYOTA HILUX,2018,MEDIUM,PICK UP,DIESEL,TOYOTA,2025-03-10,2025-03-11
216,Transport & TWE Services,25-0095,MIESCOR - DUS Transpo,Leasing,NCP 9155,TOYOTA INNOVA,2018,MEDIUM,AUV,DIESEL ,TOYOTA,2025-03-10,2025-03-11
217,Transport & TWE Services,25-0095,MIESCOR - DUS Transpo,Leasing,NCP 7721,TOYOTA INNOVA,2017,MEDIUM,AUV,DIESEL ,TOYOTA,2025-03-10,2025-03-11
218,Transport & TWE Services,25-0095,MIESCOR - DUS Transpo,Leasing,NCP 7718,TOYOTA HILUX,2017,MEDIUM,PICK UP,DIESEL,TOYOTA,2025-03-10,2025-03-11
219,Transport & TWE Services,25-0095,MIESCOR - DUS Transpo,Leasing,NCP 7716,TOYOTA INNOVA,2017,MEDIUM,AUV,DIESEL ,TOYOTA,2025-03-10,2025-03-11
220,Transport & TWE Services,25-0095,MIESCOR - DUS Transpo,Leasing,NCP 7715,TOYOTA INNOVA,2017,MEDIUM,AUV,DIESEL ,TOYOTA,2025-03-10,2025-03-11
221,Transport & TWE Services,25-0095,MIESCOR - DUS Transpo,Leasing,NCP 1829,TOYOTA HILUX,2017,MEDIUM,PICK UP,DIESEL,TOYOTA,2025-03-10,2025-03-11
222,Transport & TWE Services,25-0095,MIESCOR - DUS Transpo,Leasing,NCP 1827,TOYOTA HILUX,2017,MEDIUM,PICK UP,DIESEL,TOYOTA,2025-03-10,2025-03-11
223,Transport & TWE Services,25-0102,MIESCOR - Car Rental,Leasing,NCP 1826,TOYOTA HILUX,2017,MEDIUM,PICK UP,DIESEL,TOYOTA,2025-03-10,2025-03-11
224,Transport & TWE Services,25-0095,MIESCOR - DUS Transpo,Leasing,NCP 1825,TOYOTA HILUX,2017,MEDIUM,PICK UP,DIESEL,TOYOTA,2025-03-10,2025-03-11
225,Transport & TWE Services,25-0095,MIESCOR - DUS Transpo,Leasing,NCP 1665,TOYOTA VIOS,2017,LIGHT,SEDAN,GASOLINE,TOYOTA,2025-03-10,2025-03-11
226,Transport & TWE Services,25-0095,MIESCOR - DUS Transpo,Leasing,NCP 1663,TOYOTA VIOS,2017,LIGHT,SEDAN,GASOLINE,TOYOTA,2025-03-10,2025-03-11
227,Transport & TWE Services,25-0095,MIESCOR - DUS Transpo,Leasing,NCP 1661,TOYOTA VIOS,2017,LIGHT,SEDAN,GASOLINE,TOYOTA,2025-03-10,2025-03-11
228,Transport & TWE Services,25-0095,MIESCOR - DUS Transpo,Leasing,NCP 1657,TOYOTA VIOS,2017,LIGHT,SEDAN,GASOLINE,TOYOTA,2025-03-10,2025-03-11
229,Transport & TWE Services,25-0095,MIESCOR - DUS Transpo,Leasing,NCP 1655,TOYOTA VIOS,2017,LIGHT,SEDAN,GASOLINE,TOYOTA,2025-03-10,2025-03-11
230,Transport & TWE Services,25-0095,MIESCOR - DUS Transpo,Leasing,NCP 1652,TOYOTA VIOS,2017,LIGHT,SEDAN,GASOLINE,TOYOTA,2025-03-10,2025-03-11
231,Transport & TWE Services,25-0095,MIESCOR - DUS Transpo,Leasing,NCP 1650,TOYOTA VIOS,2017,LIGHT,SEDAN,GASOLINE,TOYOTA,2025-03-10,2025-03-11
232,Transport & TWE Services,25-0095,MIESCOR - DUS Transpo,Leasing,NCP 1647,TOYOTA VIOS,2017,LIGHT,SEDAN,GASOLINE,TOYOTA,2025-03-10,2025-03-11
233,Transport & TWE Services,25-0095,MIESCOR - DUS Transpo,Leasing,NCP 1642,TOYOTA VIOS,2017,LIGHT,SEDAN,GASOLINE,TOYOTA,2025-03-10,2025-03-11
234,Transport & TWE Services,25-0095,MIESCOR - DUS Transpo,Leasing,NCO 2914,TOYOTA VIOS,2013,LIGHT,SEDAN,GASOLINE,TOYOTA,2025-03-10,2025-03-11
235,Transport & TWE Services,25-0095,MIESCOR - DUS Transpo,Leasing,NCO 2912,TOYOTA VIOS,2017,LIGHT,SEDAN,GASOLINE,TOYOTA,2025-03-10,2025-03-11
236,Transport & TWE Services,25-0095,MIESCOR - DUS Transpo,Leasing,NCO 2906,TOYOTA VIOS,2017,LIGHT,SEDAN,GASOLINE,TOYOTA,2025-03-10,2025-03-11
237,Transport & TWE Services,25-0095,MIESCOR - DUS Transpo,Leasing,NCO 2905,TOYOTA VIOS,2017,LIGHT,SEDAN,GASOLINE,TOYOTA,2025-03-10,2025-03-11
238,Transport & TWE Services,25-0095,MIESCOR - DUS Transpo,Leasing,NCO 2904,TOYOTA VIOS,2017,LIGHT,SEDAN,GASOLINE,TOYOTA,2025-03-10,2025-03-11
239,Transport & TWE Services,25-0095,MIESCOR - DUS Transpo,Leasing,NCO 2903,TOYOTA VIOS,2017,LIGHT,SEDAN,GASOLINE,TOYOTA,2025-03-10,2025-03-11
240,Transport & TWE Services,25-0095,MIESCOR - DUS Transpo,Leasing,NCO 2902,TOYOTA VIOS,2017,LIGHT,SEDAN,GASOLINE,TOYOTA,2025-03-10,2025-03-11
241,Transport & TWE Services,25-0095,MIESCOR - DUS Transpo,Leasing,NCN 8463,TOYOTA VIOS,2017,LIGHT,SEDAN,GASOLINE,TOYOTA,2025-03-10,2025-03-11
242,Transport & TWE Services,25-0095,MIESCOR - DUS Transpo,Leasing,NCN 6201,TOYOTA VIOS,2017,LIGHT,SEDAN,GASOLINE,TOYOTA,2025-03-10,2025-03-11
243,Transport & TWE Services,25-0095,MIESCOR - DUS Transpo,Leasing,NCN 4689,TOYOTA VIOS,2017,LIGHT,SEDAN,GASOLINE,TOYOTA,2025-03-10,2025-03-11
244,Transport & TWE Services,25-0095,MIESCOR - DUS Transpo,Leasing,NCN 2712,TOYOTA VIOS,2017,LIGHT,SEDAN,GASOLINE,TOYOTA,2025-03-10,2025-03-11
245,Transport & TWE Services,25-0095,MIESCOR - DUS Transpo,Leasing,NCN 2472,TOYOTA VIOS,2017,LIGHT,SEDAN,GASOLINE,TOYOTA,2025-03-10,2025-03-11
246,Transport & TWE Services,25-0095,MIESCOR - DUS Transpo,Leasing,NCN 2470,TOYOTA VIOS,2017,LIGHT,SEDAN,GASOLINE,TOYOTA,2025-03-10,2025-03-11
247,Transport & TWE Services,25-0093,MBI Car Rental,Leasing,NEI 8051,MAHINDRA SUPRO,2017,LIGHT,VAN,DIESEL,MAHINDRA,2025-03-10,2025-03-11
248,Transport & TWE Services,25-0093,MBI Car Rental,Leasing,NEI 8050,MAHINDRA SUPRO,2017,LIGHT,VAN,DIESEL,MAHINDRA,2025-03-10,2025-03-11
249,Transport & TWE Services,25-0093,MBI Car Rental,Leasing,NCR 4323,MAHINDRA ENFORCER,2016,LIGHT,PICK UP,DIESEL,MAHINDRA,2025-03-10,2025-03-11
250,Transport & TWE Services,25-0093,MBI Car Rental,Leasing,NCR 4321,MAHINDRA ENFORCER,2016,LIGHT,PICK UP,DIESEL,MAHINDRA,2025-03-10,2025-03-11
251,Transport & TWE Services,25-0110,Motorpool,Charge to MLI,NCR 4320,MAHINDRA ENFORCER,2016,LIGHT,PICK UP,DIESEL,MAHINDRA,2025-03-10,2025-03-11
252,Transport & TWE Services,25-0093,MBI Car Rental,Leasing,NCR 4318,MAHINDRA ENFORCER,2016,LIGHT,PICK UP,DIESEL,MAHINDRA,2025-03-10,2025-03-11
253,Transport & TWE Services,25-0095,MIESCOR - DUS Transpo,,NCR 4317,MAHINDRA ENFORCER,2016,LIGHT,PICK UP,DIESEL,MAHINDRA,2025-03-10,2025-03-11
254,Transport & TWE Services,25-0093,MBI Car Rental,Leasing,NCR 4315,MAHINDRA ENFORCER,2016,LIGHT,PICK UP,DIESEL,MAHINDRA,2025-03-10,2025-03-11
255,Transport & TWE Services,25-0097,"Blue Leaf Energy Services Philippines, Inc. ",Leasing,NCJ 6369,TOYOTA GRANDIA,2017,MEDIUM,VAN,DIESEL ,TOYOTA,2025-03-10,2025-03-11
256,Transport & TWE Services,25-0095,MIESCOR - DUS Transpo,Leasing,NCJ 4939,TOYOTA INNOVA,2016,MEDIUM,AUV,DIESEL ,TOYOTA,2025-03-10,2025-03-11
257,Transport & TWE Services,25-0095,MIESCOR - DUS Transpo,Leasing,NCJ 4938,TOYOTA INNOVA,2016,MEDIUM,AUV,DIESEL ,TOYOTA,2025-03-10,2025-03-11
258,Transport & TWE Services,25-0095,MIESCOR - DUS Transpo,Leasing,NCJ 4937,TOYOTA INNOVA,2016,MEDIUM,AUV,DIESEL ,TOYOTA,2025-03-10,2025-03-11
259,Transport & TWE Services,25-0095,MIESCOR - DUS Transpo,Leasing,NCG 7056,TOYOTA HILUX,2016,MEDIUM,PICK UP,DIESEL,TOYOTA,2025-03-10,2025-03-11
260,Transport & TWE Services,25-0105,Radius - Car Rental,Leasing,NCF 4987,TOYOTA HILUX,2016,MEDIUM,PICK UP,DIESEL,TOYOTA,2025-03-10,2025-03-11
261,Transport & TWE Services,25-0095,MIESCOR - DUS Transpo,Leasing,NCE 9354,TOYOTA INNOVA,2016,MEDIUM,AUV,DIESEL ,TOYOTA,2025-03-10,2025-03-11
262,Transport & TWE Services,25-0105,Radius - Car Rental,Leasing,NCE 5606,TOYOTA AVANZA,2016,LIGHT,AUV,GASOLINE,TOYOTA,2025-03-10,2025-03-11
263,Transport & TWE Services,25-0095,MIESCOR - DUS Transpo,Leasing,NCE 5590,TOYOTA VIOS,2016,LIGHT,SEDAN,GASOLINE,TOYOTA,2025-03-10,2025-03-11
264,Transport & TWE Services,25-0095,MIESCOR - DUS Transpo,Leasing,NCE 2207,TOYOTA VIOS,2016,LIGHT,SEDAN,GASOLINE,TOYOTA,2025-03-10,2025-03-11
265,Transport & TWE Services,25-0095,MIESCOR - DUS Transpo,Leasing,NCE 2206,TOYOTA VIOS,2016,LIGHT,SEDAN,GASOLINE,TOYOTA,2025-03-10,2025-03-11
266,Transport & TWE Services,25-0093,MBI Car Rental,Leasing,NCR 4314,MAHINDRA ENFORCER,2016,LIGHT,PICK UP,DIESEL,MAHINDRA,2025-03-10,2025-03-11
267,Transport & TWE Services,25-0095,MIESCOR - DUS Transpo,Leasing,NCR 4313,MAHINDRA ENFORCER,2016,LIGHT,PICK UP,DIESEL,MAHINDRA,2025-03-10,2025-03-11
268,Transport & TWE Services,25-0110,Motorpool,Charge to MLI,NCL 1786,MAHINDRA ENFORCER,2016,LIGHT,PICK UP,DIESEL,MAHINDRA,2025-03-10,2025-03-11
269,Transport & TWE Services,25-0095,MIESCOR - DUS Transpo,Leasing,NCL 1784,MAHINDRA ENFORCER,2016,LIGHT,PICK UP,DIESEL,MAHINDRA,2025-03-10,2025-03-11
270,Transport & TWE Services,25-0095,MIESCOR - DUS Transpo,Leasing,NCL 1783,MAHINDRA ENFORCER,2016,LIGHT,PICK UP,DIESEL,MAHINDRA,2025-03-10,2025-03-11
271,Transport & TWE Services,25-0095,MIESCOR - DUS Transpo,Leasing,NCL 1782,MAHINDRA ENFORCER,2016,LIGHT,PICK UP,DIESEL,MAHINDRA,2025-03-10,2025-03-11
272,Transport & TWE Services,25-0110,Motorpool,Charge to MLI,NCL 1781,MAHINDRA ENFORCER,2016,LIGHT,PICK UP,DIESEL,MAHINDRA,2025-03-10,2025-03-11
273,Transport & TWE Services,25-0095,MIESCOR - DUS Transpo,Leasing,NCL 1780,MAHINDRA ENFORCER,2016,LIGHT,PICK UP,DIESEL,MAHINDRA,2025-03-10,2025-03-11
274,Transport & TWE Services,25-0110,Motorpool,Charge to MLI,NCL 1779,MAHINDRA ENFORCER,2016,LIGHT,PICK UP,DIESEL,MAHINDRA,2025-03-10,2025-03-11
275,Transport & TWE Services,25-0095,MIESCOR - DUS Transpo,Leasing,NCL 1776,MAHINDRA ENFORCER,2016,LIGHT,PICK UP,DIESEL,MAHINDRA,2025-03-10,2025-03-11
276,Transport & TWE Services,25-0095,MIESCOR - DUS Transpo,Leasing,NCL 1775,MAHINDRA ENFORCER,2016,LIGHT,PICK UP,DIESEL,MAHINDRA,2025-03-10,2025-03-11
277,Transport & TWE Services,25-0095,MIESCOR - DUS Transpo,Leasing,NCC 7658,MAHINDRA ENFORCER,2016,LIGHT,PICK UP,DIESEL,MAHINDRA,2025-03-10,2025-03-11
278,Transport & TWE Services,25-0095,MIESCOR - DUS Transpo,Leasing,NCC 7657,MAHINDRA ENFORCER,2016,LIGHT,PICK UP,DIESEL,MAHINDRA,2025-03-10,2025-03-11
279,Transport & TWE Services,25-0110,Motorpool,Charge to MLI,NCC 7655,MAHINDRA ENFORCER,2017,LIGHT,VAN,DIESEL,MAHINDRA,2025-03-10,2025-03-11
280,Transport & TWE Services,25-0110,Motorpool,Charge to MLI,NCC 7654,MAHINDRA ENFORCER,2016,LIGHT,PICK UP,DIESEL,MAHINDRA,2025-03-10,2025-03-11
281,Transport & TWE Services,25-0095,MIESCOR - DUS Transpo,Leasing,NCC 7653,MAHINDRA ENFORCER,2016,LIGHT,PICK UP,DIESEL,MAHINDRA,2025-03-10,2025-03-11
282,Transport & TWE Services,25-0110,Motorpool,Charge to MLI,NCB 9032,MAHINDRA SUPRO,2017,LIGHT,VAN,DIESEL,MAHINDRA,2025-03-10,2025-03-11
283,Transport & TWE Services,25-0110,Motorpool,Charge to MLI,NCB 9031,MAHINDRA SUPRO,2017,LIGHT,VAN,DIESEL,MAHINDRA,2025-03-10,2025-03-11
284,Transport & TWE Services,25-0110,Motorpool,Charge to MLI,NCB 9029,MAHINDRA SUPRO,2017,LIGHT,VAN,DIESEL,MAHINDRA,2025-03-10,2025-03-11
285,Transport & TWE Services,25-0110,Motorpool,Charge to MLI,NCB 9028,MAHINDRA SUPRO,2017,LIGHT,VAN,DIESEL,MAHINDRA,2025-03-10,2025-03-11
286,Transport & TWE Services,25-0110,Motorpool,Charge to MLI,NCB 9027,MAHINDRA SUPRO,2017,LIGHT,VAN,DIESEL,MAHINDRA,2025-03-10,2025-03-11
287,Transport & TWE Services,25-0110,Motorpool,Leasing,NCB 9021,MAHINDRA SUPRO,2017,LIGHT,VAN,DIESEL,MAHINDRA,2025-03-10,2025-03-11
288,Transport & TWE Services,25-0110,Motorpool,Charge to MLI,NCB 9020,MAHINDRA SUPRO,2017,LIGHT,VAN,DIESEL,MAHINDRA,2025-03-10,2025-03-11
289,Transport & TWE Services,25-0110,Motorpool,Leasing,NCB 9018,MAHINDRA SUPRO,2017,LIGHT,VAN,DIESEL,MAHINDRA,2025-03-10,2025-03-11
290,Transport & TWE Services,25-0110,Motorpool,Charge to MLI,NCB 9016,MAHINDRA SUPRO,2017,LIGHT,VAN,DIESEL,MAHINDRA,2025-03-10,2025-03-11
291,Transport & TWE Services,25-0110,Motorpool,Charge to MLI,NCB 9002,MAHINDRA SUPRO,2017,LIGHT,VAN,DIESEL,MAHINDRA,2025-03-10,2025-03-11
292,Transport & TWE Services,25-0110,Motorpool,Charge to MLI,NCB 8999,MAHINDRA SUPRO,2017,LIGHT,VAN,DIESEL,MAHINDRA,2025-03-10,2025-03-11
293,Transport & TWE Services,25-0110,Motorpool,Charge to MLI,NCB 8998,MAHINDRA SUPRO,2017,LIGHT,VAN,DIESEL,MAHINDRA,2025-03-10,2025-03-11
294,Transport & TWE Services,25-0110,Motorpool,Charge to MLI,NCB 8709,MAHINDRA SUPRO,2017,LIGHT,VAN,DIESEL,MAHINDRA,2025-03-10,2025-03-11
295,Transport & TWE Services,25-0110,Motorpool,Charge to MLI,NCB 8707,MAHINDRA SUPRO,2017,LIGHT,VAN,DIESEL,MAHINDRA,2025-03-10,2025-03-11
296,Transport & TWE Services,25-0110,Motorpool,Charge to MLI,NCB 8704,MAHINDRA SUPRO,2017,LIGHT,VAN,DIESEL,MAHINDRA,2025-03-10,2025-03-11
297,Transport & TWE Services,25-0110,Motorpool,Charge to MLI,NCB 8702,MAHINDRA SUPRO,2017,LIGHT,VAN,DIESEL,MAHINDRA,2025-03-10,2025-03-11
298,Transport & TWE Services,25-0110,Motorpool,Charge to MLI,NCB 1917,MAHINDRA SUPRO,2017,LIGHT,VAN,DIESEL,MAHINDRA,2025-03-10,2025-03-11
299,Transport & TWE Services,25-0110,Motorpool,Charge to MLI,NCB 1916,MAHINDRA SUPRO,2017,LIGHT,VAN,DIESEL,MAHINDRA,2025-03-10,2025-03-11
300,Transport & TWE Services,25-0110,Motorpool,Charge to MLI,NCB 1915,MAHINDRA SUPRO,2017,LIGHT,VAN,DIESEL,MAHINDRA,2025-03-10,2025-03-11
301,Transport & TWE Services,25-0110,Motorpool,Charge to MLI,NCB 1914,MAHINDRA SUPRO,2017,LIGHT,VAN,DIESEL,MAHINDRA,2025-03-10,2025-03-11
302,Transport & TWE Services,25-0110,Motorpool,Charge to MLI,NCB 1913,MAHINDRA SUPRO,2017,LIGHT,VAN,DIESEL,MAHINDRA,2025-03-10,2025-03-11
303,Transport & TWE Services,25-0110,Motorpool,Charge to MLI,NCB 1910,MAHINDRA SUPRO,2017,LIGHT,VAN,DIESEL,MAHINDRA,2025-03-10,2025-03-11
304,Transport & TWE Services,25-0110,Motorpool,Charge to MLI,NCB 1904,MAHINDRA SUPRO,2017,LIGHT,VAN,DIESEL,MAHINDRA,2025-03-10,2025-03-11
305,Transport & TWE Services,25-0110,Motorpool,Charge to MLI,NCB 1901,MAHINDRA SUPRO,2017,LIGHT,VAN,DIESEL,MAHINDRA,2025-03-10,2025-03-11
306,Transport & TWE Services,25-0110,Motorpool,Charge to MLI,NCB 1894,MAHINDRA SUPRO,2017,LIGHT,VAN,DIESEL,MAHINDRA,2025-03-10,2025-03-11
307,Transport & TWE Services,25-0110,Motorpool,Charge to MLI,NCB 1889,MAHINDRA SUPRO,2017,LIGHT,VAN,DIESEL,MAHINDRA,2025-03-10,2025-03-11
308,Transport & TWE Services,25-0110,Motorpool,Charge to MLI,NCB 1887,MAHINDRA SUPRO,2017,LIGHT,VAN,DIESEL,MAHINDRA,2025-03-10,2025-03-11
309,Transport & TWE Services,25-0110,Motorpool,Charge to MLI,NCB 1886,MAHINDRA SUPRO,2017,LIGHT,VAN,DIESEL,MAHINDRA,2025-03-10,2025-03-11
310,Transport & TWE Services,25-0110,Motorpool,Charge to MLI,NCB 1686,MAHINDRA SUPRO,2017,LIGHT,VAN,DIESEL,MAHINDRA,2025-03-10,2025-03-11
311,Transport & TWE Services,25-0110,Motorpool,Charge to MLI,NCB 1684,MAHINDRA SUPRO,2017,LIGHT,VAN,DIESEL,MAHINDRA,2025-03-10,2025-03-11
312,Transport & TWE Services,25-0110,Motorpool,Charge to MLI,NCB 1683,MAHINDRA SUPRO,2017,LIGHT,VAN,DIESEL,MAHINDRA,2025-03-10,2025-03-11
313,Transport & TWE Services,25-0110,Motorpool,Charge to MLI,NCB 1681,MAHINDRA SUPRO,2017,LIGHT,VAN,DIESEL,MAHINDRA,2025-03-10,2025-03-11
314,Transport & TWE Services,25-0110,Motorpool,Charge to MLI,NCB 1680,MAHINDRA SUPRO,2017,LIGHT,VAN,DIESEL,MAHINDRA,2025-03-10,2025-03-11
315,Transport & TWE Services,25-0110,Motorpool,Charge to MLI,NCB 1678,MAHINDRA SUPRO,2017,LIGHT,VAN,DIESEL,MAHINDRA,2025-03-10,2025-03-11
316,Transport & TWE Services,25-0110,Motorpool,Charge to MLI,NCB 1677,MAHINDRA SUPRO,2017,LIGHT,VAN,DIESEL,MAHINDRA,2025-03-10,2025-03-11
317,Transport & TWE Services,25-0095,MIESCOR - DUS Transpo,Leasing,NBW 6282,TOYOTA VIOS,2015,LIGHT,SEDAN,GASOLINE,TOYOTA,2025-03-10,2025-03-11
318,Transport & TWE Services,25-0095,MIESCOR - DUS Transpo,Leasing,NBW 6271,TOYOTA VIOS,2015,LIGHT,SEDAN,GASOLINE,TOYOTA,2025-03-10,2025-03-11
319,Home Office,1103060101,HR Operations,Charge to MLI,NBW 4167,HYUNDAI STAREX,2015,MEDIUM,VAN,GASOLINE,HYUNDAI,2025-03-10,2025-03-11
320,Transport & TWE Services,25-0095,MIESCOR - DUS Transpo,Leasing,NBV 7691,TOYOTA VIOS,2015,LIGHT,SEDAN,GASOLINE,TOYOTA,2025-03-10,2025-03-11
321,Transport & TWE Services,25-0110,Motorpool,Charge to MLI,NBV 7689,TOYOTA VIOS,2015,LIGHT,SEDAN,GASOLINE,TOYOTA,2025-03-10,2025-03-11
322,Transport & TWE Services,25-0095,MIESCOR - DUS Transpo,Leasing,NBV 7688,TOYOTA VIOS,2015,LIGHT,SEDAN,GASOLINE,TOYOTA,2025-03-10,2025-03-11
323,Transport & TWE Services,25-0095,MIESCOR - DUS Transpo,Leasing,NAV 8623,SUZUKI APV,2017,MEDIUM,VAN,GASOLINE,SUZUKI,2025-03-10,2025-03-11
324,Transport & TWE Services,25-0095,MIESCOR - DUS Transpo,Leasing,NAV 8622,SUZUKI APV,2017,MEDIUM,AUV,GASOLINE,SUZUKI,2025-03-10,2025-03-11
325,Transport & TWE Services,25-0093,MBI Car Rental,Leasing,NAV 8621,SUZUKI APV,2017,MEDIUM,VAN,GASOLINE,SUZUKI,2025-03-10,2025-03-11
326,Transport & TWE Services,25-0095,MIESCOR - DUS Transpo,Leasing,NAV 8620,SUZUKI APV,2017,MEDIUM,AUV,GASOLINE,SUZUKI,2025-03-10,2025-03-11
327,Transport & TWE Services,25-0093,MBI Car Rental,Leasing,NAV 8618,SUZUKI APV,2017,MEDIUM,VAN,GASOLINE,SUZUKI,2025-03-10,2025-03-11
328,Transport & TWE Services,25-0095,MIESCOR - DUS Transpo,Leasing,NAV 8617,SUZUKI APV,2017,MEDIUM,AUV,GASOLINE,SUZUKI,2025-03-10,2025-03-11
329,Transport & TWE Services,25-0095,MIESCOR - DUS Transpo,Leasing,NAV 8616,SUZUKI APV,2017,MEDIUM,AUV,GASOLINE,SUZUKI,2025-03-10,2025-03-11
330,Transport & TWE Services,25-0110,Motorpool,Charge to MLI,NAV 8615,SUZUKI APV,2017,MEDIUM,VAN,GASOLINE,SUZUKI,2025-03-10,2025-03-11
331,Transport & TWE Services,25-0095,MIESCOR - DUS Transpo,Leasing,NAV 8614,SUZUKI APV,2017,MEDIUM,AUV,GASOLINE,SUZUKI,2025-03-10,2025-03-11
332,Transport & TWE Services,25-0093,MBI Car Rental,Leasing,NAV 8613,SUZUKI APV,2017,MEDIUM,VAN,GASOLINE,SUZUKI,2025-03-10,2025-03-11
333,Transport & TWE Services,25-0095,MIESCOR - DUS Transpo,Leasing,NAT 9783,SUZUKI APV,2017,MEDIUM,AUV,GASOLINE,SUZUKI,2025-03-10,2025-03-11
334,Transport & TWE Services,25-0095,MIESCOR - DUS Transpo,Leasing,NAT 9782,SUZUKI APV,2017,MEDIUM,AUV,GASOLINE,SUZUKI,2025-03-10,2025-03-11
335,Warehousing Services,25-0009,MERALCO Sta Rosa Warehousing Project,Leasing,MLITE0538,FORKLIFT,2015,HEAVY,FORKLIFT,DIESEL,MITSUBISHI,2025-03-10,2025-03-11
336,Warehousing Services,25-0009,MERALCO Sta Rosa Warehousing Project,Leasing,MLITE0410,FORKLIFT,2017,HEAVY,FORKLIFT,DIESEL,TOYOTA,2025-03-10,2025-03-11
337,Warehousing Services,25-0003,MERALCO Pasig Warehousing Project,Charge to MLI,MLITE0390,FORKLIFT,2017,HEAVY,FORKLIFT,DIESEL,TOYOTA,2025-03-10,2025-03-11
338,Warehousing Services,25-0005,MERALCO Kamias Warehousing Project,Charge to MLI,MLITE0389,FORKLIFT,2017,HEAVY,FORKLIFT,DIESEL,TOYOTA,2025-03-10,2025-03-11
339,Warehousing Services,25-0006,MERALCO Parañaque Warehousing Project,Charge to MLI,MLITE0367,FORKLIFT,2016,HEAVY,FORKLIFT,DIESEL,TOYOTA,2025-03-10,2025-03-11
340,Warehousing Services,25-0007,MERALCO Cavite Warehousing Project,Leasing,MLITE0366,FORKLIFT,2017,HEAVY,FORKLIFT,DIESEL,TOYOTA,2025-03-10,2025-03-11
341,Warehousing Services,25-0003,MERALCO Pasig Warehousing Project,Charge to MLI,MLITE0365,FORKLIFT,2016,HEAVY,FORKLIFT,DIESEL,TOYOTA,2025-03-10,2025-03-11
342,Warehousing Services,25-0003,MERALCO Pasig Warehousing Project,Charge to MLI,MLITE0364,FORKLIFT,2016,HEAVY,FORKLIFT,DIESEL,TOYOTA,2025-03-10,2025-03-11
343,Warehousing Services,25-0002,MERALCO Rizal Warehousing Project,Charge to MLI,MLITE0326,FORKLIFT,2015,HEAVY,FORKLIFT,DIESEL,CATERPILLAR,2025-03-10,2025-03-11
344,General Services,25-0180,Meralco Organizational Safety & Resiliency (Vehicle Registration),Charge to MLI,MLI0534,HONDA WAVE,2017,LIGHT,MOTORCYCLE,GASOLINE,HONDA,2025-03-10,2025-03-11
345,Warehousing Services,25-0003,MERALCO Pasig Warehousing Project,Charge to MLI,MLI0328,FORKLIFT,2015,HEAVY,FORKLIFT,DIESEL,CATERPILLAR,2025-03-10,2025-03-11
346,Warehousing Services,25-0001,MERALCO Manila Warehousing Project,Charge to MLI,ML108,FORKLIFT,1994,HEAVY,FORKLIFT,DIESEL,CATERPILLAR,2025-03-10,2025-03-11
347,Warehousing Services,25-0001,MERALCO Manila Warehousing Project,Charge to MLI,ML025,FORKLIFT,2013,HEAVY,FORKLIFT,DIESEL,HYUNDAI,2025-03-10,2025-03-11
348,Warehousing Services,25-0001,MERALCO Manila Warehousing Project,Charge to MLI,HEFL006,FORKLIFT,2015,HEAVY,FORKLIFT,DIESEL,MITSUBISHI,2025-03-10,2025-03-11
349,Warehousing Services,25-0002,MERALCO Rizal Warehousing Project,Charge to MLI,FL007,FORKLIFT,2015,HEAVY,FORKLIFT,DIESEL,MITSUBISHI,2025-03-10,2025-03-11
350,General Services,25-0115,Meralco North Metering Services & Security Encoding Services,Charge to MLI,FL004,FORKLIFT,2014,HEAVY,FORKLIFT,DIESEL,KOMATSU,2025-03-10,2025-03-11
351,Facility Services,24-0049,MERALCO - Yard & Control House Maint,Leasing,FJG 523,MITSUBISHI L300,2013,MEDIUM,VAN,DIESEL,MITSUBISHI,2025-03-10,2025-03-11
352,Transport & TWE Services,25-0095,MIESCOR - DUS Transpo,Leasing,FJG 522,MITSUBISHI L300,2013,MEDIUM,VAN,DIESEL,MITSUBISHI,2025-03-10,2025-03-11
353,Warehousing Services,25-0009,MERALCO Sta Rosa Warehousing Project,Leasing,FJF 607,MITSUBISHI STRADA,2013,MEDIUM,PICK UP,DIESEL,MITSUBISHI,2025-03-10,2025-03-11
354,Transport & TWE Services,25-0095,MIESCOR - DUS Transpo,Leasing,FJD 287,MITSUBISHI L300,2013,MEDIUM,VAN,DIESEL,MITSUBISHI,2025-03-10,2025-03-11
355,Transport & TWE Services,25-0110,Motorpool,Leasing,FJD 266,MITSUBISHI L300,2013,MEDIUM,VAN,DIESEL,MITSUBISHI,2025-03-10,2025-03-11
356,Transport & TWE Services,25-0095,MIESCOR - DUS Transpo,Leasing,NCA 9964,MAHINDRA ENFORCER,2016,LIGHT,PICK UP,DIESEL,MAHINDRA,2025-03-10,2025-03-11
357,Transport & TWE Services,25-0095,MIESCOR - DUS Transpo,Leasing,NCA 9963,MAHINDRA ENFORCER,2016,LIGHT,PICK UP,DIESEL,MAHINDRA,2025-03-10,2025-03-11
358,Transport & TWE Services,25-0110,Motorpool,Charge to MLI,NCA 9961,MAHINDRA ENFORCER,2016,LIGHT,PICK UP,DIESEL,MAHINDRA,2025-03-10,2025-03-11
359,Transport & TWE Services,25-0095,MIESCOR - DUS Transpo,Leasing,NCA 9960,MAHINDRA ENFORCER,2016,LIGHT,PICK UP,DIESEL,MAHINDRA,2025-03-10,2025-03-11
360,Transport & TWE Services,25-0095,MIESCOR - DUS Transpo,Leasing,NCA 9959,MAHINDRA ENFORCER,2016,LIGHT,PICK UP,DIESEL,MAHINDRA,2025-03-10,2025-03-11
361,Transport & TWE Services,25-0095,MIESCOR - DUS Transpo,Leasing,NCA 9958,MAHINDRA ENFORCER,2016,LIGHT,PICK UP,DIESEL,MAHINDRA,2025-03-10,2025-03-11
362,Transport & TWE Services,25-0095,MIESCOR - DUS Transpo,Leasing,NCA 9957,MAHINDRA ENFORCER,2016,LIGHT,PICK UP,DIESEL,MAHINDRA,2025-03-10,2025-03-11
363,Transport & TWE Services,25-0095,MIESCOR - DUS Transpo,Leasing,NCA 9955,MAHINDRA ENFORCER,2016,LIGHT,PICK UP,DIESEL,MAHINDRA,2025-03-10,2025-03-11
364,Transport & TWE Services,25-0095,MIESCOR - DUS Transpo,Leasing,NCA 9954,MAHINDRA ENFORCER,2016,LIGHT,PICK UP,DIESEL,MAHINDRA,2025-03-10,2025-03-11
365,Transport & TWE Services,25-0095,MIESCOR - DUS Transpo,Leasing,NCA 9953,MAHINDRA ENFORCER,2016,LIGHT,PICK UP,DIESEL,MAHINDRA,2025-03-10,2025-03-11
366,Transport & TWE Services,25-0110,Motorpool,Charge to MLI,NCA 9952,MAHINDRA ENFORCER,2016,LIGHT,PICK UP,DIESEL,MAHINDRA,2025-03-10,2025-03-11
367,Transport & TWE Services,25-0095,MIESCOR - DUS Transpo,Leasing,NCA 4387,MAHINDRA ENFORCER,2016,LIGHT,PICK UP,DIESEL,MAHINDRA,2025-03-10,2025-03-11
368,Transport & TWE Services,25-0095,MIESCOR - DUS Transpo,Leasing,NCA 4386,MAHINDRA ENFORCER,2016,LIGHT,PICK UP,DIESEL,MAHINDRA,2025-03-10,2025-03-11
369,Transport & TWE Services,25-0095,MIESCOR - DUS Transpo,Leasing,NCA 4385,MAHINDRA ENFORCER,2016,LIGHT,PICK UP,DIESEL,MAHINDRA,2025-03-10,2025-03-11
370,Transport & TWE Services,25-0095,MIESCOR - DUS Transpo,Leasing,NCA 4384,MAHINDRA ENFORCER,2016,LIGHT,PICK UP,DIESEL,MAHINDRA,2025-03-10,2025-03-11
371,Transport & TWE Services,25-0095,MIESCOR - DUS Transpo,Leasing,NCA 4382,MAHINDRA ENFORCER,2016,LIGHT,PICK UP,DIESEL,MAHINDRA,2025-03-10,2025-03-11
372,Transport & TWE Services,25-0084,Atimonan One Energy,Leasing,NCP 1450,MITSUBISHI STRADA,2017,MEDIUM,PICK UP,DIESEL,MITSUBISHI,2025-03-10,2025-03-11
373,Transport & TWE Services,25-0102,MIESCOR - Car Rental,Leasing,ARA 3552,TOYOTA HILUX,2015,MEDIUM,PICK UP,DIESEL,TOYOTA,2025-03-10,2025-03-11
374,Transport & TWE Services,25-0084,Atimonan One Energy,Leasing,AEA 7665,TOYOTA GRANDIA,2015,MEDIUM,VAN,DIESEL ,TOYOTA,2025-03-10,2025-03-11
375,Transport & TWE Services,25-0102,MIESCOR - Car Rental,Leasing,AEA 5256,TOYOTA HILUX,2014,MEDIUM,PICK UP,DIESEL,TOYOTA,2025-03-10,2025-03-11
376,Facility Services,24-0036,MERALCO - Manila Facilities,Leasing,CCN 6379,ISUZU DUMP TRUCK,2004,MEDIUM,TRUCK,DIESEL,ISUZU,2025-03-10,2025-03-11
377,Transport & TWE Services,25-0095,MIESCOR - DUS Transpo,Leasing,ABO 3462,TOYOTA INNOVA,2015,MEDIUM,AUV,DIESEL ,TOYOTA,2025-03-10,2025-03-11
378,Transport & TWE Services,25-0095,MIESCOR - DUS Transpo,Leasing,ABO 3461,TOYOTA INNOVA,2015,MEDIUM,AUV,DIESEL ,TOYOTA,2025-03-10,2025-03-11
379,Transport & TWE Services,25-0095,MIESCOR - DUS Transpo,Leasing,ABH 8950,TOYOTA VIOS,2015,LIGHT,SEDAN,GASOLINE,TOYOTA,2025-03-10,2025-03-11
380,Transport & TWE Services,25-0095,MIESCOR - DUS Transpo,Leasing,ABH 8948,TOYOTA VIOS,2015,LIGHT,SEDAN,GASOLINE,TOYOTA,2025-03-10,2025-03-11
381,Transport & TWE Services,25-0095,MIESCOR - DUS Transpo,Leasing,ABH 8947,TOYOTA VIOS,2015,LIGHT,SEDAN,GASOLINE,TOYOTA,2025-03-10,2025-03-11
382,Transport & TWE Services,25-0095,MIESCOR - DUS Transpo,Leasing,ABH 8946,TOYOTA VIOS,2015,LIGHT,SEDAN,GASOLINE,TOYOTA,2025-03-10,2025-03-11
383,Transport & TWE Services,25-0095,MIESCOR - DUS Transpo,Leasing,ABH 6153,TOYOTA VIOS,2015,LIGHT,SEDAN,GASOLINE,TOYOTA,2025-03-10,2025-03-11
384,Home Office,1103060101,HR Operations,Leasing,AAZ 4484,HYUNDAI STAREX,2015,MEDIUM,VAN,DIESEL ,HYUNDAI,2025-03-10,2025-03-11
385,Transport & TWE Services,25-0102,MIESCOR - Car Rental,Leasing,AAZ 2282,FORD TREKKER,2014,LIGHT,PICK UP,DIESEL,FORD,2025-03-10,2025-03-11
386,Transport & TWE Services,25-0095,MIESCOR - DUS Transpo,Leasing,AAX 1276,TOYOTA INNOVA,2014,MEDIUM,AUV,DIESEL ,TOYOTA,2025-03-10,2025-03-11
387,Home Office,1103060101,HR Operations,Charge to MLI,AAX 1248,TOYOTA INNOVA,2014,MEDIUM,AUV,DIESEL ,TOYOTA,2025-03-10,2025-03-11
388,Transport & TWE Services,25-0110,Motorpool,Leasing,AAP 1772,MITSUBISHI STRADA,2014,MEDIUM,PICK UP,DIESEL,MITSUBISHI,2025-03-10,2025-03-11
389,Transport & TWE Services,25-0095,MIESCOR - DUS Transpo,Leasing,AAM 6751,TOYOTA VIOS,2014,LIGHT,SEDAN,GASOLINE,TOYOTA,2025-03-10,2025-03-11
390,Transport & TWE Services,25-0095,MIESCOR - DUS Transpo,Leasing,AAM 6719,TOYOTA VIOS,2014,LIGHT,SEDAN,GASOLINE,TOYOTA,2025-03-10,2025-03-11
391,Transport & TWE Services,25-0095,MIESCOR - DUS Transpo,Leasing,AAM 6627,TOYOTA VIOS,2014,LIGHT,SEDAN,GASOLINE,TOYOTA,2025-03-10,2025-03-11
392,Transport & TWE Services,25-0095,MIESCOR - DUS Transpo,Leasing,AAK 4835,MITSUBISHI STRADA,2014,MEDIUM,PICK UP,DIESEL,MITSUBISHI,2025-03-10,2025-03-11
393,Transport & TWE Services,25-0093,MBI Car Rental,Leasing,AAK 2507,TOYOTA AVANZA,2014,LIGHT,AUV,GASOLINE,TOYOTA,2025-03-10,2025-03-11
394,Transport & TWE Services,25-0110,Motorpool,Leasing,AAK 2506,TOYOTA AVANZA,2013,LIGHT,AUV,GASOLINE,TOYOTA,2025-03-10,2025-03-11
395,Transport & TWE Services,25-0093,MBI Car Rental,Leasing,AAJ 8180,TOYOTA AVANZA,2014,LIGHT,AUV,GASOLINE,TOYOTA,2025-03-10,2025-03-11
396,Transport & TWE Services,25-0102,MIESCOR - Car Rental,Leasing,AAJ 5618,MITSUBISHI STRADA,2014,MEDIUM,PICK UP,DIESEL,MITSUBISHI,2025-03-10,2025-03-11
397,Transport & TWE Services,25-0095,MIESCOR - DUS Transpo,Leasing,AAI 4252,TOYOTA INNOVA,2014,MEDIUM,AUV,DIESEL ,TOYOTA,2025-03-10,2025-03-11
398,Project Execution,24-0214,"MERALCO - Civil Works for the Reconstruction of Drainage, Perimeter Fence and Foundation at Sta. Maria Bulacan",Charge to MLI,AAI 4249,TOYOTA HILUX,2014,MEDIUM,PICK UP,DIESEL,TOYOTA,2025-03-10,2025-03-11
399,Transport & TWE Services,25-0110,Motorpool,Charge to MLI,152 NBH,HONDA WAVE,2017,LIGHT,MOTORCYCLE,GASOLINE,HONDA,2025-03-10,2025-03-11
400,Transport & TWE Services,25-0091,MERALCO - Car Leasing,Leasing,NOJ 849,TOYOTA INNOVA,2010,MEDIUM,AUV,DIESEL,TOYOTA,2025-03-10,2025-03-11
401,Transport & TWE Services,25-0102,MIESCOR - Car Rental,leasing,AAX 1249,TOYOTA HILUX,2014,MEDIUM,PICK UP,DIESEL,TOYOTA,2025-03-10,2025-03-11
402,Transport & TWE Services,25-0110,Motorpool,Charge to MLI,UGQ 830,TOYOTA AVANZA,2013,LIGHT,AUV,GASOLINE,TOYOTA,2025-03-10,2025-03-11
403,Transport & TWE Services,25-0110,Motorpool,Charge to MLI,NAT 9785,SUZUKI APV,2017,LIGHT,AUV,GASOLINE,SUZUKI,2025-03-10,2025-03-11
404,Transport & TWE Services,25-0095,MIESCOR - DUS Transpo,Charge to MLI,WOM 304,MITSUBISHI L300,2013,MEDIUM,VAN,DIESEL,MITSUBISHI,2025-03-10,2025-03-11
405,Transport & TWE Services,25-0095,MIESCOR - DUS Transpo,Leasing,FJD 275,MITSUBISHI L300,2013,MEDIUM,VAN,DIESEL,MITSUBISHI,2025-03-10,2025-03-11
406,Transport & TWE Services,25-0110,Motorpool,Charge to MLI,NAT 9784,SUZUKI APV,2017,LIGHT,AUV,GASOLINE,SUZUKI,2025-03-10,2025-03-11
407,Transport & TWE Services,25-0093,MBI Car Rental,Charge to MLI,NAT 9786,SUZUKI APV,2018,LIGHT,AUV,GASOLINE,SUZUKI,2025-03-10,2025-03-11
408,Transport & TWE Services,25-0095,MIESCOR - DUS Transpo,Leasing,NAV 8619,SUZUKI APV,2017,MEDIUM,VAN,GASOLINE,SUZUKI,2025-03-10,2025-03-11
409,Transport & TWE Services,25-0098,"Terra Solar Philippines,Inc.",Leasing,NHU 3939,TOYOTA HILUX,2025,MEDIUM,PICK UP,DIESEL,TOYOTA,2025-03-10,2025-03-11
410,Transport & TWE Services,25-0098,"Terra Solar Philippines,Inc.",Leasing,NHU 3884,TOYOTA HILUX,2025,MEDIUM,PICK UP,DIESEL,TOYOTA,2025-03-10,2025-03-11
411,Transport & TWE Services,25-0098,"Terra Solar Philippines,Inc.",Leasing,NHU 3941,TOYOTA HILUX,2025,MEDIUM,PICK UP,DIESEL,TOYOTA,2025-03-10,2025-03-11
412,Transport & TWE Services,25-0098,"Terra Solar Philippines,Inc.",Leasing,NHU 3840,TOYOTA HILUX,2025,MEDIUM,PICK UP,DIESEL,TOYOTA,2025-03-10,2025-03-11
413,Transport & TWE Services,25-0098,"Terra Solar Philippines,Inc.",Leasing,NHU 3930,TOYOTA HILUX,2025,MEDIUM,PICK UP,DIESEL,TOYOTA,2025-03-10,2025-03-11
414,Transport & TWE Services,25-0098,"Terra Solar Philippines,Inc.",Leasing,NHU 3938,TOYOTA HILUX,2025,MEDIUM,PICK UP,DIESEL,TOYOTA,2025-03-10,2025-03-11
415,Warehousing Services,25-0013,MERALCO MMO Hauling Services,Charge to MLI,ZLD 408,MITSUBISHI CANTER,2005,MEDIUM,PICK UP,DIESEL,MITSUBISHI,2025-03-10,2025-03-11
416,Transport & TWE Services,25-0110,Motorpool,Charge to MLI,TQJ 131,MITSUBISHI L300,2013,MEDIUM,VAN,DIESEL,MITSUBISHI,2025-03-10,2025-03-11
417,Facility Services,24-0047,MERALCO - Shallow wells w/Pump Maint,Leasing,AAK 4846,MITSUBISHI L300,2013,MEDIUM,VAN,DIESEL,MITSUBISHI,2025-03-10,2025-03-11
418,Transport & TWE Services,25-0095,MIESCOR - DUS Transpo,Leasing,AAK 2508,TOYOTA AVANZA,2013,LIGHT,AUV,GASOLINE,TOYOTA,2025-03-10,2025-03-11
419,Warehousing Services,25-0001,MERALCO Manila Warehousing Project,Charge to MLI,FL006,FORKLIFT,2015,HEAVY,FORKLIFT,DIESEL,MITSUBISHI,2025-03-10,2025-03-11
420,Warehousing Services,25-0001,MERALCO Manila Warehousing Project,Charge to MLI,MLI 108,FORKLIFT,1994,HEAVY,FORKLIFT,DIESEL,CATERPILLAR,2025-03-10,2025-03-11
421,Warehousing Services,25-0024,Meralco Valenzuela Warehousing Project ,Charge to MLI,UJF 201,STAKE TRUCK,1996,HEAVY,TRUCK,DIESEL,HINO,2025-03-10,2025-03-11
422,Transport & TWE Services,25-0091,MERALCO - Car Leasing,,PVI 683,TOYOTA VIOS,2011,LIGHT,SEDAN,GASOLINE,TOYOTA,2025-03-10,2025-03-11
423,Transport & TWE Services,25-0110,Motorpool,Charge to MLI,NCA 4383,MAHINDRA ENFORCER,2016,LIGHT,PICK UP,DIESEL,MAHINDRA,2025-03-10,2025-03-11
424,Transport & TWE Services,25-0110,Motorpool,,TKA 976,STAKE TRUCK,1993,HEAVY,TRUCK,DIESEL,HINO,2025-03-10,2025-03-11
425,Warehousing Services,25-0009,MERALCO Sta Rosa Warehousing Project,,DBJ 5926,MITSUBISHI L300,2021,LIGHT,VAN,DIESEL,MITSUBISHI,2025-03-10,2025-03-11
426,Transport & TWE Services,25-0110,Motorpool,,UQM 393,TOYOTA VIOS,2011,LIGHT,SEDAN,GASOLINE,TOYOTA,2025-03-10,2025-03-11
427,Warehousing Services,25-0008,MERALCO San Pablo Warehousing Project,,ZBZ 919,MITSUBISHI CANTER,2006,MEDIUM,PICK UP,DIESEL,MITSUBISHI,2025-03-10,2025-03-11
428,Facility Services,24-0036,MERALCO - Manila Facilities,,UCX 905,HINO BASKET TRUCK,0,HEAVY,TRUCK,DIESEL,HINO,2025-03-10,2025-03-11
429,Facility Services,24-0036,MERALCO - Manila Facilities,,UPY 831,HINO BASKET TRUCK,0,HEAVY,TRUCK,DIESEL,HINO,2025-03-10,2025-03-11
430,Project Execution,24-0220,UE - Repair/Renovation UE Theaterñat Dalupan Building UE Manila Main Campus,,ZCB 484,MITSUBISHI CANTER,2006,MEDIUM,PICK UP,DIESEL,MITSUBISHI,2025-03-10,2025-03-11
431,Warehousing Services,25-0025,Meralco Balintawak Warehousing Project ,,NHC 8222,TOYOTA HILUX,2021,LIGHT,VAN,DIESEL,TOYOTA,2025-03-10,2025-03-11
432,Warehousing Services,25-0007,MERALCO Cavite Warehousing Project,,DBJ 6008,MITSUBISHI L300,2021,LIGHT,VAN,DIESEL,MITSUBISHI,2025-03-10,2025-03-11
433,Transport & TWE Services,25-0093,MBI Car Rental,,NCR 4319,MAHINDRA ENFORCER,2016,LIGHT,PICK UP,DIESEL,MAHINDRA,2025-03-10,2025-03-11
